{
  "Mode": "WebBasedImageGeneration",
  "BatchImageConverterConfig": {
    "SourcePath": "..\\..\\..\\Data\\Source",
    "DestPath": "..\\..\\..\\Data\\Target",
    "Operation": "ModulateHue",
    "Modulation": 200
  },
  "WebBasedGeneratorConfig": {
    "ChromeBinaryPath": "E:\\LiberKey\\MyApps\\GoogleChromePortable\\App\\Chrome-bin\\chrome.exe",
    "CardpenUrl": "http://argumentum.myia.org/portals/0/argumentum/Generation/CardPen/index.html",
    "Documents": [
      {
        "DocumentName": "Argumentum-TarotCards.pdf",
        "CardSets": [
          {
            "CardSetName": "Rules",
            "NbCopies": 1,
            "SaveOriginalImage": true,
            "ConvertToCmyk": true,
            "HeigthMM": 110,
            "WidthMM": 65,
            "BorderMM": 3
          },
          {
            "CardSetName": "Memo",
            "NbCopies": 7,
            "SaveOriginalImage": true,
            "ConvertToCmyk": true,
            "HeigthMM": 110,
            "WidthMM": 65,
            "BorderMM": 3
          },
          {
            "CardSetName": "Fallacies",
            "NbCopies": 1,
            "SaveOriginalImage": true,
            "ConvertToCmyk": true,
            "HeigthMM": 110,
            "WidthMM": 65,
            "BorderMM": 3
          }
        ],
        "TargetDensity": 0,
        "ImageFormat": "Png"
      },
      {
        "DocumentName": "Argumentum-PokerCards.pdf",
        "CardSets": [
          {
            "CardSetName": "Scenarii",
            "NbCopies": 1,
            "SaveOriginalImage": true,
            "ConvertToCmyk": true,
            "HeigthMM": 84,
            "WidthMM": 55,
            "BorderMM": 0
          }
        ],
        "TargetDensity": 0,
        "ImageFormat": "Png"
      },
      {
        "DocumentName": "Argumentum-TarotCards-2.pdf",
        "CardSets": [
          {
            "CardSetName": "Rules",
            "NbCopies": 1,
            "SaveOriginalImage": true,
            "ConvertToCmyk": true,
            "HeigthMM": 110,
            "WidthMM": 65,
            "BorderMM": 3
          },
          {
            "CardSetName": "Memo",
            "NbCopies": 7,
            "SaveOriginalImage": true,
            "ConvertToCmyk": true,
            "HeigthMM": 110,
            "WidthMM": 65,
            "BorderMM": 3
          },
          {
            "CardSetName": "Fallacies-2",
            "NbCopies": 1,
            "SaveOriginalImage": true,
            "ConvertToCmyk": true,
            "HeigthMM": 110,
            "WidthMM": 65,
            "BorderMM": 3
          }
        ],
        "TargetDensity": 0,
        "ImageFormat": "Png"
      },
      {
        "DocumentName": "Argumentum-TarotCards-3.pdf",
        "CardSets": [
          {
            "CardSetName": "Rules",
            "NbCopies": 1,
            "SaveOriginalImage": true,
            "ConvertToCmyk": true,
            "HeigthMM": 110,
            "WidthMM": 65,
            "BorderMM": 3
          },
          {
            "CardSetName": "Memo",
            "NbCopies": 7,
            "SaveOriginalImage": true,
            "ConvertToCmyk": true,
            "HeigthMM": 110,
            "WidthMM": 65,
            "BorderMM": 3
          },
          {
            "CardSetName": "Fallacies-3",
            "NbCopies": 1,
            "SaveOriginalImage": true,
            "ConvertToCmyk": true,
            "HeigthMM": 110,
            "WidthMM": 65,
            "BorderMM": 3
          }
        ],
        "TargetDensity": 0,
        "ImageFormat": "Png"
      }
    ],
    "BaseTargetDirectoryName": ".\\Target\\",
    "HarvestDirectoryName": ".\\Harvest\\",
    "ImagesDirectoryName": ".\\Images\\",
    "PdfsDirectoryName": ".\\Pdfs\\",
    "CardSets": [
      {
        "Name": "Rules",
        "FaceExampleName": null,
        "FaceCardSetInfo": {
          "CardSetType": "ExampleByName",
          "ExampleName": "Argumentum - Rules - Francais",
          "CustomJsonFileName": null
        },
        "BackExampleName": null,
        "BackCardSetInfo": {
          "CardSetType": "ExampleByName",
          "ExampleName": null,
          "CustomJsonFileName": null
        },
        "PauseFaceForEdits": false,
        "PauseBackForEdits": false
      },
      {
        "Name": "Memo",
        "FaceExampleName": null,
        "FaceCardSetInfo": {
          "CardSetType": "ExampleByName",
          "ExampleName": "Argumentum - Memo - Face - Francais",
          "CustomJsonFileName": null
        },
        "BackExampleName": null,
        "BackCardSetInfo": {
          "CardSetType": "ExampleByName",
          "ExampleName": "Argumentum - Memo - Back - Francais",
          "CustomJsonFileName": null
        },
        "PauseFaceForEdits": false,
        "PauseBackForEdits": false
      },
      {
        "Name": "Fallacies",
        "FaceExampleName": null,
        "FaceCardSetInfo": {
          "CardSetType": "ExampleByName",
          "ExampleName": "Argumentum - Fallacies - Face - Francais",
          "CustomJsonFileName": null
        },
        "BackExampleName": null,
        "BackCardSetInfo": {
          "CardSetType": "ExampleByName",
          "ExampleName": "Argumentum - Fallacies - Back - Francais",
          "CustomJsonFileName": null
        },
        "PauseFaceForEdits": false,
        "PauseBackForEdits": false
      },
      {
        "Name": "Scenarii",
        "FaceExampleName": null,
        "FaceCardSetInfo": {
          "CardSetType": "ExampleByName",
          "ExampleName": "Argumentum - Scenarii - Face - Francais",
          "CustomJsonFileName": null
        },
        "BackExampleName": null,
        "BackCardSetInfo": {
          "CardSetType": "ExampleByName",
          "ExampleName": "Argumentum - Scenarii - Back - Francais",
          "CustomJsonFileName": null
        },
        "PauseFaceForEdits": false,
        "PauseBackForEdits": false
      },
      {
        "Name": "Fallacies-2",
        "FaceExampleName": null,
        "FaceCardSetInfo": {
          "CardSetType": "ExampleByName",
          "ExampleName": "Argumentum - Fallacies - Face - Francais - Bis",
          "CustomJsonFileName": null
        },
        "BackExampleName": null,
        "BackCardSetInfo": {
          "CardSetType": "ExampleByName",
          "ExampleName": "Argumentum - Fallacies - Back - Francais",
          "CustomJsonFileName": null
        },
        "PauseFaceForEdits": false,
        "PauseBackForEdits": false
      },
      {
        "Name": "Fallacies-3",
        "FaceExampleName": null,
        "FaceCardSetInfo": {
          "CardSetType": "ExampleByName",
          "ExampleName": "Argumentum - Fallacies - Face - v2 - Francais",
          "CustomJsonFileName": null
        },
        "BackExampleName": null,
        "BackCardSetInfo": {
          "CardSetType": "ExampleByName",
          "ExampleName": "Argumentum - Fallacies - Back - Francais",
          "CustomJsonFileName": null
        },
        "PauseFaceForEdits": false,
        "PauseBackForEdits": false
      }
    ]
  },
  "MindmapCreatorConfig": {
    "MindMaps": [
      {
        "SourcePath": "..\\..\\..\\Data\\Mindmap\\Argumentum Fallacies - Taxonomy.csv",
        "DestPath": "..\\..\\..\\Data\\Mindmap\\Argumentum_Fallacies_MindMap_Fr.mm",
        "TitleExpression": "{fallacy.TextFr}",
        "DescriptionExpression": "\r\n<p>\r\n    <font size='4'>{HttpUtility.HtmlEncode(fallacy.DescFr)}</font>\r\n</p>\r\n",
        "ExampleExpression": "\r\n<p>\r\n    <i>{HttpUtility.HtmlEncode(fallacy.ExampleFr)}</i>\r\n</p>\r\n",
        "LinkExpression": "{fallacy.LinkFr}",
        "Colors": {
          "1": "#8605ab",
          "2": "#daaf02",
          "3": "#6ab203",
          "4": "#01a987",
          "5": "#022cb2",
          "6": "#bc0546",
          "7": "#af1313"
        },
        "FontSizes": [
          30,
          50,
          40,
          30,
          30,
          30,
          25,
          23,
          23,
          23,
          23
        ],
        "EdgeSizes": [
          8,
          4,
          2,
          1
        ]
      },
      {
        "SourcePath": "..\\..\\..\\Data\\Mindmap\\Argumentum Fallacies - Taxonomy.csv",
        "DestPath": "..\\..\\..\\Data\\Mindmap\\Argumentum_Fallacies_MindMap_En.mm",
        "TitleExpression": "{fallacy.TextEn}",
        "DescriptionExpression": "\r\n<p>\r\n    <font size='4'>{HttpUtility.HtmlEncode(fallacy.DescEn)}</font>\r\n</p>\r\n",
        "ExampleExpression": "\r\n<p>\r\n    <i>{HttpUtility.HtmlEncode(fallacy.ExampleEn)}</i>\r\n</p>\r\n",
        "LinkExpression": "{fallacy.LinkEn}",
        "Colors": {
          "1": "#8605ab",
          "2": "#daaf02",
          "3": "#6ab203",
          "4": "#01a987",
          "5": "#022cb2",
          "6": "#bc0546",
          "7": "#af1313"
        },
        "FontSizes": [
          30,
          50,
          40,
          30,
          30,
          30,
          25,
          23,
          23,
          23,
          23
        ],
        "EdgeSizes": [
          8,
          4,
          2,
          1
        ]
      }
    ]
  },
  "Dnn2sxcConfig": {
    "CsvPathFallacies": "..\\..\\..\\Data\\Dnn2sxc\\Argumentum Fallacies - Taxonomy.csv",
    "Xml2sxcImportPathFallacies": "..\\..\\..\\Data\\Dnn2sxc\\2sxc Fallacy  Data 20210212131131.xml",
    "Xml2sxcExportPathFallacies": "..\\..\\..\\Data\\Dnn2sxc\\2sxcContentExport_Argumentum_Fallacies_0.0.1.xml",
    "TitleExpressionFr": "{fallacy.TextFr}",
    "DescriptionExpressionFr": "{HttpUtility.HtmlEncode(fallacy.DescFr)}",
    "ExampleExpressionFr": "{HttpUtility.HtmlEncode(fallacy.ExampleFr)}",
    "LinkExpressionFr": "{fallacy.LinkFr}",
    "TitleExpressionEn": "{fallacy.TextEn}",
    "DescriptionExpressionEn": "{HttpUtility.HtmlEncode(fallacy.DescEn)}",
    "ExampleExpressionEn": "{HttpUtility.HtmlEncode(fallacy.ExampleEn)}",
    "LinkExpressionEn": "{fallacy.LinkEn}"
  }
}