{
  "comment": "Do not edit this file, use utils/roll_browser.js",
  "browsers": [
    {
      "name": "chromium",
      "revision": "1055",
      "installByDefault": true,
      "browserVersion": "112.0.5615.29"
    },
    {
      "name": "chromium-with-symbols",
      "revision": "1055",
      "installByDefault": false,
      "browserVersion": "112.0.5615.29"
    },
    {
      "name": "chromium-tip-of-tree",
      "revision": "1096",
      "installByDefault": false,
      "browserVersion": "113.0.5657.0"
    },
    {
      "name": "firefox",
      "revision": "1391",
      "installByDefault": true,
      "browserVersion": "111.0"
    },
    {
      "name": "firefox-beta",
      "revision": "1391",
      "installByDefault": false,
      "browserVersion": "110.0b7"
    },
    {
      "name": "webkit",
      "revision": "1811",
      "installByDefault": true,
      "revisionOverrides": {
        "mac10.14": "1446",
        "mac10.15": "1616",
        "ubuntu18.04": "1728"
      },
      "browserVersion": "16.4"
    },
    {
      "name": "ffmpeg",
      "revision": "1008",
      "installByDefault": true
    },
    {
      "name": "android",
      "revision": "1000",
      "installByDefault": false
    }
  ]
}
