source_pk,source_name,source_family,source_path,target_pk,target_name,target_family,target_path,jaccard,shared_distinctive_terms,proposed_relation,semantic_verdict
120,Appel à la minorité,Insuffisance,1.23312,316,Appel à la minorité,Influence,2.21321,1.0,juste;minoritaire;opinion;prétendez;prétexte;répandue,Mirrors,"near-duplicate (Jaccard 1.00, 6 shared distinctive terms)"
174,Illusion de regroupement,Insuffisance,1.3342,643,Illusion de regroupement,Erreur mathématique,3.2151,1.0,aléatoires;corrélation;crée;données;fausse;impression;lien;motifs;percevez;tendances,Mirrors,"near-duplicate (Jaccard 1.00, 10 shared distinctive terms)"
62,Rationalisation,Insuffisance,1.133,762,Rationalisation,Erreur de raisonnement,4.3112,1.0,acceptable;affirmation;discuter;fond;justifications;présentez;rendre;sincères,Mirrors,"near-duplicate (Jaccard 1.00, 8 shared distinctive terms)"
63,Hypothèse farfelue,Insuffisance,1.1331,763,Hypothèse farfelue,Erreur de raisonnement,4.31121,1.0,explications;hypothèses;invraisemblables;privilégiez;probables;écarté,Mirrors,"near-duplicate (Jaccard 1.00, 6 shared distinctive terms)"
155,Analyse défaillante,Insuffisance,1.3211,767,Analyse défaillante,Erreur de raisonnement,4.31141,1.0,considérez;existe;explication;incorrecte;insuffisante;phénomène;proposée;simplement;théorique,Mirrors,"near-duplicate (Jaccard 1.00, 9 shared distinctive terms)"
34,Preuve anecdotique,Insuffisance,1.121,1087,Preuve anecdotique,Tricherie,6.311234,1.0,argumentation;basez;démontrer;générale;isolé;règle;suffit;événement,Mirrors,"near-duplicate (Jaccard 1.00, 8 shared distinctive terms)"
51,Sophisme du psychologue,Insuffisance,1.123,1055,Sophisme du psychologue,Tricherie,6.31112251,1.0,confondez;individuelle;objectivité;perspective;universelle,Mirrors,"near-duplicate (Jaccard 1.00, 5 shared distinctive terms)"
52,Projection mentale,Insuffisance,1.1231,1164,Projection mentale,Tricherie,6.31232,1.0,considérez;envisager;exactement;manière;monde;reflète;réalité,Mirrors,"near-duplicate (Jaccard 1.00, 7 shared distinctive terms)"
53,Raisonnement émotionnel,Insuffisance,1.1232,1119,Raisonnement émotionnel,Tricherie,6.3122,1.0,absence;chose;considérez;fortement;preuve;quelque;ressentez;vrai,Mirrors,"near-duplicate (Jaccard 1.00, 8 shared distinctive terms)"
138,Effet du lampadaire,Insuffisance,1.3113,1074,Effet du lampadaire,Tricherie,6.311217,1.0,accessibles;cherchez;facile;ignorant;importantes;moins;pistes;regarder;réponses,Mirrors,"near-duplicate (Jaccard 1.00, 9 shared distinctive terms)"
161,Piège kafkaïen,Insuffisance,1.32321,986,Piège kafkaïen,Tricherie,6.2122,1.0,confirmation;culpabilité;défense;interprétez;tentative;toute,Mirrors,"near-duplicate (Jaccard 1.00, 6 shared distinctive terms)"
168,Homme de paille,Insuffisance,1.3321,894,Homme de paille,Tricherie,6.111121,1.0,argument;caricaturez;facilement;réfuter,Mirrors,"near-duplicate (Jaccard 1.00, 4 shared distinctive terms)"
17,Réfutation lapidaire,Insuffisance,1.11161,1292,Réfutation lapidaire,Obstruction,7.1221,1.0,arbitrairement;explication;fournir;preuve;proposition;rejetez,Mirrors,"near-duplicate (Jaccard 1.00, 6 shared distinctive terms)"
98,Appel à la majorité,Insuffisance,1.222,1326,Raison de la majorité,Obstruction,7.21123,1.0,grand;justifiez;nombre;partagée;position,Mirrors,"near-duplicate (Jaccard 1.00, 5 shared distinctive terms)"
121,Politiquement correct,Insuffisance,1.2332,1341,Politiquement correct,Obstruction,7.21322,1.0,argument;auditoire;détournez;heurter;motif;partie;rejetez;risque;sensibilité,Mirrors,"near-duplicate (Jaccard 1.00, 9 shared distinctive terms)"
168,Homme de paille,Insuffisance,1.3321,1365,Homme de paille,Obstruction,7.312,1.0,argument;caricaturez;facilement;réfuter,Mirrors,"near-duplicate (Jaccard 1.00, 4 shared distinctive terms)"
179,Question piège,Influence,2.1111,701,Question piège,Erreur de raisonnement,4.112,1.0,controversée;fausse;posez;prémisse;question;subtilement;suppose,Mirrors,"near-duplicate (Jaccard 1.00, 7 shared distinctive terms)"
218,Conjugaison Émotive,Influence,2.1164,812,Conjugaison émotive,Abus de langage,5.12222,1.0,approuvez;comportement;concernée;différents;décrire;personne;verbes,Mirrors,"near-duplicate (Jaccard 1.00, 7 shared distinctive terms)"
295,Métonymie,Influence,2.1365,866,Métonymie,Abus de langage,5.3231,1.0,clairement;conceptuellement;idée;justifié;liée;remplacez;soit,Mirrors,"near-duplicate (Jaccard 1.00, 7 shared distinctive terms)"
233,Exagération,Influence,2.1222,893,Exagération,Tricherie,6.11112,1.0,accentuez;argumentation;aspects;certains;démesurée;manière;renforcer,Mirrors,"near-duplicate (Jaccard 1.00, 7 shared distinctive terms)"
338,Appel au doute et à la crainte,Influence,2.2241,920,Appel au doute et à la crainte,Tricherie,6.112221,1.0,cause;diffusez;informations;méfiance;négatives;peur;public;rallier;semer;souvent;vagues,Mirrors,"near-duplicate (Jaccard 1.00, 11 shared distinctive terms)"
339,Appel à la panique morale,Influence,2.2242,922,Appel à la panique morale,Tricherie,6.112222,1.0,actions;certaines;forte;immorales;indignation;provoquer;présentant;réaction;suscitez;émotionnelle,Mirrors,"near-duplicate (Jaccard 1.00, 10 shared distinctive terms)"
451,Piège de gratitude,Influence,2.322127,1103,Piège de gratitude,Tricherie,6.3121123,1.0,actuelle;asseoir;autrui;contrôle;coupable;devriez;frustré;pensez;reconnaissant;sentez;sentiment;situation,Mirrors,"near-duplicate (Jaccard 1.00, 12 shared distinctive terms)"
460,Lance à incendie du mensonge,Influence,2.323112,915,Lance à incendie de mensonges,Tricherie,6.11216,1.0,canaux;cohérence;diffusez;masse;messages;multiples;médias;répétés;réseaux;sociaux;souci;vérité,Mirrors,"near-duplicate (Jaccard 1.00, 12 shared distinctive terms)"
491,Potin,Influence,2.32334,923,Potin,Tricherie,6.11223,1.0,autres;histoires;informelles;partagez;personnelle;personnes;privées;rumeurs;souvent;vérifiées,Mirrors,"near-duplicate (Jaccard 1.00, 10 shared distinctive terms)"
635,Confusion entre antériorité et causalité,Erreur mathématique,3.212,725,Appel à la temporalité comme cause,Erreur de raisonnement,4.134,1.0,cause;précédé;supposez;temps;uniquement;événement,Mirrors,"near-duplicate (Jaccard 1.00, 6 shared distinctive terms)"
642,Corrélation illusoire,Erreur mathématique,3.215,1085,Corrélation illusoire,Tricherie,6.311232,1.0,deux;liées;percevez;relation;variables,Mirrors,"near-duplicate (Jaccard 1.00, 5 shared distinctive terms)"
703,Pétition de principe analogique,Erreur de raisonnement,4.114,840,Pétition de principe analogique,Abus de langage,5.221,1.0,analogie;assimilant;cherchez;conclusion;deux;discutable;déjà;démontrer;manière;situations;suppose,Mirrors,"near-duplicate (Jaccard 1.00, 11 shared distinctive terms)"
779,Concept volé,Erreur de raisonnement,4.3211,828,Concept volé,Abus de langage,5.1311,1.0,concept;continuant;niez;raisonnement,Mirrors,"near-duplicate (Jaccard 1.00, 4 shared distinctive terms)"
706,Avoir toujours raison,Erreur de raisonnement,4.117,1171,Avoir toujours raison,Tricherie,6.3123222,1.0,actions;besoin;constamment;correctes;opinions;prouver;ressentez,Mirrors,"near-duplicate (Jaccard 1.00, 7 shared distinctive terms)"
713,Deux torts font un droit,Erreur de raisonnement,4.125,1325,Sophisme de la double faute,Obstruction,7.21122,1.0,combinées;croyez;deux;erreurs;juste;peuvent;produire;résultat;tort,Mirrors,"near-duplicate (Jaccard 1.00, 9 shared distinctive terms)"
761,Sophisme génétique,Erreur de raisonnement,4.3111,1371,Sophisme génétique,Obstruction,7.32,1.0,contenu;critiquant;idée;origine;plutôt;rejetez,Mirrors,"near-duplicate (Jaccard 1.00, 6 shared distinctive terms)"
769,Équivalence morale,Erreur de raisonnement,4.3121,1321,Équivalence morale,Obstruction,7.2112,1.0,actions;deux;différentes;morale;supposez;tort;valeur,Mirrors,"near-duplicate (Jaccard 1.00, 7 shared distinctive terms)"
772,Gish gallop,Erreur de raisonnement,4.3141,1331,Gish gallop,Obstruction,7.2123,1.0,affirmations;arguments;complète;continu;difficile;flot;interlocuteur;rapide;rend;réfléchie;réfutation;submergez,Mirrors,"near-duplicate (Jaccard 1.00, 12 shared distinctive terms)"
818,Sophisme de la solution parfaite,Abus de langage,5.1225,977,Solution parfaite,Tricherie,6.21111,1.0,demandant;idéal;inatteignable;rejetez;réalistes;solutions,Mirrors,"near-duplicate (Jaccard 1.00, 6 shared distinctive terms)"
880,Indiscrétion anonyme,Abus de langage,5.33112,924,Indiscrétion anonyme,Tricherie,6.112231,1.0,diffusez;impliquées;informations;légales;nommer;personnes;rumeurs;répercussions;souvent;éviter,Mirrors,"near-duplicate (Jaccard 1.00, 10 shared distinctive terms)"
882,Campagne de murmures,Abus de langage,5.3321,918,Campagne de murmures,Tricherie,6.112211,1.0,cible;identifié;insinuations;nuisibles;propos;rumeurs;répandez;évitant,Mirrors,"near-duplicate (Jaccard 1.00, 8 shared distinctive terms)"
801,Défaut d'élucidation,Abus de langage,5.111,1298,Défaut de clarification,Obstruction,7.131,1.0,complexes;définitions;employez;obscurcissent;plutôt;propos;trop;éclairent,Mirrors,"near-duplicate (Jaccard 1.00, 8 shared distinctive terms)"
818,Sophisme de la solution parfaite,Abus de langage,5.1225,1350,Solution parfaite,Obstruction,7.222,1.0,demandant;idéal;inatteignable;rejetez;réalistes;solutions,Mirrors,"near-duplicate (Jaccard 1.00, 6 shared distinctive terms)"
821,Langage idiosyncrasique,Abus de langage,5.1232,1304,Langage idiosyncratique,Obstruction,7.134,1.0,appuyer;attribuez;inattendu;particulier;point;sens;termes,Mirrors,"near-duplicate (Jaccard 1.00, 7 shared distinctive terms)"
879,Compliment empoisonné,Abus de langage,5.33111,1387,Compliment empoisonné,Obstruction,7.3231,1.0,compliment;contraire;discréditez;exprimer;insinue;quelqu;réalité;semble,Mirrors,"near-duplicate (Jaccard 1.00, 8 shared distinctive terms)"
894,Homme de paille,Tricherie,6.111121,1365,Homme de paille,Obstruction,7.312,1.0,argument;caricaturez;facilement;réfuter,Mirrors,"near-duplicate (Jaccard 1.00, 4 shared distinctive terms)"
914,Stratégie du chat mort,Tricherie,6.11215,1318,Stratégie du chat mort,Obstruction,7.211121,1.0,attention;choquante;controverse;créant;détournez;importants;intentionnellement;problèmes;scandale,Mirrors,"near-duplicate (Jaccard 1.00, 9 shared distinctive terms)"
977,Solution parfaite,Tricherie,6.21111,1350,Solution parfaite,Obstruction,7.222,1.0,demandant;idéal;inatteignable;rejetez;réalistes;solutions,Mirrors,"near-duplicate (Jaccard 1.00, 6 shared distinctive terms)"
983,Changement de terrain,Tricherie,6.2115,1319,Changement de terrain,Obstruction,7.21113,1.0,admettre;argumentation;bases;constamment;défaite;désorienter;interlocuteur;modifiez;point;précis;éviter,Mirrors,"near-duplicate (Jaccard 1.00, 11 shared distinctive terms)"
1165,Projection psychologique,Tricherie,6.312321,1355,Projection psychologique,Obstruction,7.233,1.0,adversaire;attention;attribuez;défauts;détourner;erreurs;propres,Mirrors,"near-duplicate (Jaccard 1.00, 7 shared distinctive terms)"
115,Appel à la nouveauté,Insuffisance,1.232,1069,Appel à la nouveauté,Tricherie,6.311213,0.889,argument;caractère;garantir;inédit;moderne;prétendument;suffit;validité,Mirrors,"near-duplicate (Jaccard 0.89, 8 shared distinctive terms)"
476,Répandage,Influence,2.323222,1300,Déluge argumentatif,Obstruction,7.1321,0.867,adversaire;arguments;difficile;extrêmement;maximum;minimum;parlez;points;présenter;répondre;temps;tous;vite,Mirrors,"near-duplicate (Jaccard 0.87, 13 shared distinctive terms)"
22,Acte de foi,Insuffisance,1.113,770,Acte de foi,Erreur de raisonnement,4.313,0.857,accepter;affirmation;demandez;explication;logique;raison,Mirrors,"near-duplicate (Jaccard 0.86, 6 shared distinctive terms)"
988,Sophisme de l’improvisation,Tricherie,6.2131,1348,Sophisme de l’examen sur-le-champ,Obstruction,7.22111,0.833,citer;données;détails;incompétent;interlocuteur;jugez;peut;précises;sujet;techniques,Mirrors,"near-duplicate (Jaccard 0.83, 10 shared distinctive terms)"
170,Sophisme animiste,Insuffisance,1.3331,1088,Sophisme animiste,Tricherie,6.311235,0.818,actions;animés;inanimés;intentions;nature;objets;propres;éléments;êtres,Mirrors,"near-duplicate (Jaccard 0.82, 9 shared distinctive terms)"
360,Équivoque antithétique,Influence,2.31111,1000,Équivoque antithétique,Tricherie,6.2223,0.8,auditoire;contre;embrouillez;habilement;point;quel;sait;véritable,Mirrors,"near-duplicate (Jaccard 0.80, 8 shared distinctive terms)"
418,Culture de la peur,Influence,2.3163,919,Culture de la peur,Tricherie,6.11222,0.8,danger;délibérément;effrayantes;exagérées;imminent;peur;public;question;rumeurs;répandez;sujet;susciter,Mirrors,"near-duplicate (Jaccard 0.80, 12 shared distinctive terms)"
1018,Appel à l'identité,Tricherie,6.2333,1378,Appel à l'identité,Obstruction,7.3216,0.8,appartient;auteur;bien;communauté;fondé;proposition;validité;évaluez,Mirrors,"near-duplicate (Jaccard 0.80, 8 shared distinctive terms)"
496,Minimisation,Influence,2.3236,892,Minimisation,Tricherie,6.11111,0.786,atténuez;autrui;détourner;impact;importance;intentionnellement;problèmes;responsabilité;sentiments;vérité;éléments,Mirrors,"near-duplicate (Jaccard 0.79, 11 shared distinctive terms)"
65,Sophisme du vrai Écossais,Insuffisance,1.1332,616,Sophisme du vrai Écossais,Erreur mathématique,3.1211,0.778,contours;contre;exemple;générale;idée;réfuter;soutenez,Mirrors,"near-duplicate (Jaccard 0.78, 7 shared distinctive terms)"
363,Compliment empoisonné,Influence,2.31113,879,Compliment empoisonné,Abus de langage,5.33111,0.778,compliment;contraire;discréditez;insinue;quelqu;réalité;semble,Mirrors,"near-duplicate (Jaccard 0.78, 7 shared distinctive terms)"
297,Digression,Influence,2.1367,1316,Digression,Obstruction,7.21111,0.778,attention;déviez;introduire;principal;secondaire;sujet;thème,Mirrors,"near-duplicate (Jaccard 0.78, 7 shared distinctive terms)"
363,Compliment empoisonné,Influence,2.31113,1387,Compliment empoisonné,Obstruction,7.3231,0.778,compliment;contraire;discréditez;insinue;quelqu;réalité;semble,Mirrors,"near-duplicate (Jaccard 0.78, 7 shared distinctive terms)"
660,Argument de la barbe,Erreur mathématique,3.2311,859,Argument de la barbe,Abus de langage,5.32121,0.778,claire;deux;distinguer;existe;frontière;refusez;états,Mirrors,"near-duplicate (Jaccard 0.78, 7 shared distinctive terms)"
665,Justification infinie,Erreur mathématique,3.23221,1349,Justification infinie,Obstruction,7.2212,0.778,cesse;claire;conclusion;davantage;demandez;explications;évitant,Mirrors,"near-duplicate (Jaccard 0.78, 7 shared distinctive terms)"
451,Piège de gratitude,Influence,2.322127,1324,Piège de gratitude,Obstruction,7.211212,0.769,actuelle;autrui;contrôle;coupable;frustré;pensez;reconnaissant;sentez;sentiment;situation,Mirrors,"near-duplicate (Jaccard 0.77, 10 shared distinctive terms)"
1103,Piège de gratitude,Tricherie,6.3121123,1324,Piège de gratitude,Obstruction,7.211212,0.769,actuelle;autrui;contrôle;coupable;frustré;pensez;reconnaissant;sentez;sentiment;situation,Mirrors,"near-duplicate (Jaccard 0.77, 10 shared distinctive terms)"
677,Pente glissante,Erreur mathématique,3.3131,705,Pente glissante,Erreur de raisonnement,4.116,0.75,négatifs;probable;proposition;prédisant;rejetez;événements,Mirrors,"near-duplicate (Jaccard 0.75, 6 shared distinctive terms)"
723,Personnalisation,Erreur de raisonnement,4.13112,1169,Personnalisation,Tricherie,6.312322,0.75,attribuez;avez;blâme;contrôle;lesquels;personnelle;responsabilité;éloge;événements,Mirrors,"near-duplicate (Jaccard 0.75, 9 shared distinctive terms)"
759,Conclusion hâtive,Erreur de raisonnement,4.31,1127,Conclusion hâtive,Tricherie,6.312221,0.75,conclusions;disposer;preuves;tirez;trop;vite,Mirrors,"near-duplicate (Jaccard 0.75, 6 shared distinctive terms)"
475,Gish gallop,Influence,2.323221,772,Gish gallop,Erreur de raisonnement,4.3141,0.714,arguments;complète;continu;difficile;flot;interlocuteur;rapide;réfléchie;réfutation;submergez,Mirrors,"near-duplicate (Jaccard 0.71, 10 shared distinctive terms)"
475,Gish gallop,Influence,2.323221,1331,Gish gallop,Obstruction,7.2123,0.714,arguments;complète;continu;difficile;flot;interlocuteur;rapide;réfléchie;réfutation;submergez,Mirrors,"near-duplicate (Jaccard 0.71, 10 shared distinctive terms)"
749,Glissement du quantificateur,Erreur de raisonnement,4.223,850,Glissement du quantificateur,Abus de langage,5.3121,0.714,déplaçant;modifiez;phrase;quantificateurs;sens,Mirrors,"near-duplicate (Jaccard 0.71, 5 shared distinctive terms)"
1166,Renvoyer la balle,Tricherie,6.3123211,1344,Renvoyer la balle,Obstruction,7.21332,0.714,attribuez;groupe;personne;responsabilité;réalité,Mirrors,"near-duplicate (Jaccard 0.71, 5 shared distinctive terms)"
184,Définition persuasive,Influence,2.113,819,Définition persuasive,Abus de langage,5.123,0.667,biaisée;débat;définissez;faveur;orienter;termes,Mirrors,"near-duplicate (Jaccard 0.67, 6 shared distinctive terms)"
665,Justification infinie,Erreur mathématique,3.23221,979,Justification infinie,Tricherie,6.21112,0.667,cesse;claire;conclusion;demandez;explications;évitant,Mirrors,"near-duplicate (Jaccard 0.67, 6 shared distinctive terms)"
979,Justification infinie,Tricherie,6.21112,1349,Justification infinie,Obstruction,7.2212,0.667,cesse;claire;conclusion;demandez;explications;évitant,Mirrors,"near-duplicate (Jaccard 0.67, 6 shared distinctive terms)"
478,Lavage de cerveau,Influence,2.323224,1302,Lavage de cerveau,Obstruction,7.1331,0.643,croyances;influencer;intensive;manipulation;opinions;personne;psychologique;radicalement;répétition,Mirrors,"near-duplicate (Jaccard 0.64, 9 shared distinctive terms)"
616,Sophisme du vrai Écossais,Erreur mathématique,3.1211,813,Sophisme du vrai Écossais,Abus de langage,5.1223,0.6,contours;contre;exemple;générale;idée;redéfinissez,Mirrors,"near-duplicate (Jaccard 0.60, 6 shared distinctive terms)"
602,Biais de confirmation,Erreur mathématique,3.112,965,Biais de confirmation,Tricherie,6.13123,0.6,argumentation;concentrez;contester;renforcent;uniquement;éléments,Mirrors,"near-duplicate (Jaccard 0.60, 6 shared distinctive terms)"
183,Pétition de principe,Influence,2.112,698,Pétition de principe,Erreur de raisonnement,4.11,0.571,argument;déjà;prouver;suppose,Mirrors,"near-duplicate (Jaccard 0.57, 4 shared distinctive terms)"
477,Sophisme sur-le-champ,Influence,2.323223,988,Sophisme de l’improvisation,Tricherie,6.2131,0.5,données;détails;incompétent;interlocuteur;peut;sujet;techniques,Mirrors,"near-duplicate (Jaccard 0.50, 7 shared distinctive terms)"
477,Sophisme sur-le-champ,Influence,2.323223,1348,Sophisme de l’examen sur-le-champ,Obstruction,7.22111,0.5,données;détails;incompétent;interlocuteur;peut;sujet;techniques,Mirrors,"near-duplicate (Jaccard 0.50, 7 shared distinctive terms)"
668,Fausse précision,Erreur mathématique,3.311,857,Fausse précision,Abus de langage,5.3211,0.5,données;numériques;précises;précision;présentez,Mirrors,"near-duplicate (Jaccard 0.50, 5 shared distinctive terms)"
600,Insensibilité à la taille de l'échantillon,Erreur mathématique,3.11112,1084,Insensibilité à la taille de l'échantillon,Tricherie,6.311231,0.5,compte;données;fiabilité;taille;échantillon,Mirrors,"near-duplicate (Jaccard 0.50, 5 shared distinctive terms)"
817,Pensée dichotomique,Abus de langage,5.12243,1120,Pensée dichotomique,Tricherie,6.31221,0.5,considérez;nuance;parfait;total;échec;êtes,Mirrors,"near-duplicate (Jaccard 0.50, 6 shared distinctive terms)"
65,Sophisme du vrai Écossais,Insuffisance,1.1332,813,Sophisme du vrai Écossais,Abus de langage,5.1223,0.455,contours;contre;exemple;générale;idée,Mirrors,"near-duplicate (Jaccard 0.45, 5 shared distinctive terms)"
368,Effet de vérité illusoire,Influence,2.31118,1067,Effet de vérité illusoire,Tricherie,6.311211,0.455,acceptée;fausse;information;répétée;subissez,Mirrors,"near-duplicate (Jaccard 0.45, 5 shared distinctive terms)"
