pk,Text,Text_en,Text_ru,Text_pt,print_and_play,Text_ar,Text_es,Text_zh,Text_fa
RulesPP_01,"# Argumentum
## L’école des menteurs","# Argumentum
## The school of liars","# Argumentum
## Школа лжецов","# Argumentum
## A escola dos mentirosos",1,"# Argumentum
## مدرسة الكاذبين","# Argumentum
## La escuela de los mentirosos","# Argumentum
## 说谎者学校","# Argumentum
## مدرسهٔ دروغ‌پردازان"
RulesPP_02,"*Règles du jeu : de 3 à 10 joueurs*

## Matériel

* 1 paquet de cartes d’arguments fallacieux, organisées en 7 classes de couleurs, chacune répartie en 3 ordres puis en 3 familles.
* 1 paquet de cartes scénario, organisées en 7 thèmes identifiables au dos des cartes.
* 5 cartes mémo.
* Les règles du jeu.
   
## Résumé du jeu

À tour de rôle, les joueurs essaient de faire deviner une carte d’argument fallacieux à une majorité des autres joueurs, au cours d’une saynète improvisée à partir d’un scénario tiré au hasard. Tout en s’amusant, ils apprennent ainsi à reconnaître, à décoder et donc à déconstruire les arguments fallacieux.

Argumentum s’appuie sur une classification de ces arguments fallacieux, rangés en ordres et en familles indiqués en haut de chaque carte. Par exemple, la flatterie est une sous-catégorie de l’appel aux émotions. Les cartes mémo résument cette classification.","*Game rules: 3 to 10 players*

## Components

* 1 deck of fallacy cards, organized into 7 color-coded classes, each divided into 3 orders and then into 3 families.
* 1 deck of scenario cards, organized into 7 themes identifiable on the backs of the cards.
* 5 memo cards.
* The game rules.
   
## Game overview

Taking turns, players try to get a majority of the other players to guess a fallacy card during an improvised skit based on a randomly drawn scenario. While having fun, they learn to recognize, decode and therefore deconstruct fallacious arguments.

Argumentum is based on a classification of these fallacious arguments, arranged into orders and families shown at the top of each card. For example, flattery is a subcategory of appeal to emotions. The memo cards summarize this classification.","*Правила игры: от 3 до 10 игроков*

## В комплект входит:

* 1 колода карт с софизмами, разделёнными на 7 цветовых классов, каждый из которых подразделён на 3 порядка, а каждый порядок — на 3 семейства.
* 1 колода карт со сценариями, разделёнными на 7 тем, обозначенных на рубашках карт.
* 5 карт Мемо
* Правила игры

## Краткое описание игры

Игроки по очереди разыгрывают импровизированную сценку по случайно вытянутому сценарию, стараясь сделать так, чтобы большинство остальных игроков угадало карту с софизмом. Развлекаясь, игроки учатся распознавать, декодировать и, следовательно, деконструировать софизмы.

Игра Argumentum основана на классификации софизмов по порядкам и семействам, указанным в верхней части каждой карты. Например, «Лесть» — это подкатегория апелляции к эмоциям. Карты-памятки кратко излагают эту классификацию.","*Regras do jogo: de 3 a 10 jogadores*

## Material

* 1 baralho de cartas de argumentos falaciosos, organizado em 7 classes de cores, cada uma dividida em 3 ordens e depois em 3 famílias.
* 1 baralho de cartas de cenário, organizado em 7 temas identificáveis no verso das cartas.
* 5 cartas de ajuda.
* As regras do jogo.
   
## Resumo do jogo

Um de cada vez, os jogadores tentam fazer com que uma maioria dos outros jogadores adivinhe uma carta de argumento falacioso, durante uma esquete improvisada a partir de um cenário tirado ao acaso. Ao mesmo tempo que se divertem, aprendem assim a reconhecer, decodificar e, portanto, desconstruir os argumentos falaciosos.

Argumentum se baseia numa classificação destes argumentos falaciosos, organizados em ordens e famílias indicadas no topo de cada carta. Por exemplo, a lisonja é uma subcategoria do apelo às emoções. As cartas de ajuda resumem esta classificação.",1,"*قواعد اللعبة: من 3 إلى 10 لاعبين*

## المواد

* رزمة واحدة من بطاقات الحجج المغلوطة منظَّمة في 7 فئات لونية، موزعة كل منها إلى 3 رتب ثم إلى 3 عائلات.
* رزمة واحدة من بطاقات السيناريو منظَّمة في 7 موضوعات يمكن تمييزها من ظهرها
* 5 بطاقات تذكير
* قواعد اللعبة
   
## ملخص اللعبة

يتناوب اللاعبون على محاولة جعل أغلبية اللاعبين الآخرين تخمّن بطاقةً من بطاقات الحجج المغلوطة، وذلك خلال مشهد تمثيلي مرتجل انطلاقًا من سيناريو يُسحب عشوائيًا. وبذلك، يتعلم اللاعبون في الوقت نفسه، وبطريقة ممتعة، كيف يتعرّفون على الحجج المغلوطة ويفكون شيفرتها، ومن ثم يفككونها.

يرتكز Argumentum على تصنيف لهذه الحجج المغلوطة، مرتبة في رتب وعائلات، ويُشار إليها في أعلى البطاقة. فمثلًا، يُعدّ التملق فئةً فرعية من النداء إلى العواطف. وتلخّص بطاقات التذكير هذا التصنيف.","*Reglas del juego: de 3 a 10 jugadores*

## Material

* 1 mazo de cartas de argumento falaz organizadas en 7 clases de colores, cada una dividida en 3 órdenes y luego en 3 familias.
* 1 mazo de cartas de escenario organizadas en 7 temas identificables en el dorso
* 5 cartas recordatorio
* Reglas del juego
   
## Resumen del juego

Los jugadores, por turnos, intentan hacer adivinar una carta de argumento falaz a la mayoría de los demás jugadores, durante una pequeña escena de improvisación a partir de un escenario elegido al azar. Mientras se divierten, los jugadores aprenden así a reconocer, descifrar y, por tanto, desmontar los argumentos falaces.

Argumentum se apoya en una clasificación de estos argumentos falaces, ordenados en órdenes y familias, que se indican en la parte superior de la carta. Por ejemplo, la adulación es una subcategoría de la apelación a las emociones. Las cartas recordatorio resumen esta clasificación.","*游戏规则：3至10名玩家*

## 材料

* 1副谬误论证牌，按7种颜色类别组织，每种再分为3个阶层，再分为3个家族。
* 1副情景卡牌，按7个主题组织，背面可识别
* 5张提示卡
* 游戏规则
   
## 游戏概述

玩家将轮流在一段即兴小剧中，利用随机抽取的情景，设法让多数其他玩家猜出一张谬误论证牌。这样一边玩，一边学习如何识别、解读，从而拆解谬误论证。

Argumentum 依据对这些谬误论证的分类体系，将它们按阶层和家族归类，并标注在卡牌顶部。例如，“奉承”是“诉诸情绪”的一个子类别。提示卡对这一分类作了摘要。","*قوانین بازی: از ۳ تا ۱۰ بازیکن*

## تجهیزات

* ۱ دسته کارتِ استدلال‌های مغالطی که در ۷ ردهٔ رنگی سازمان‌دهی شده‌اند، و هر رده به ۳ مرتبه و سپس به ۳ خانواده تقسیم می‌شود.
* ۱ دسته کارتِ سناریو که در ۷ مضمونِ قابل‌شناسایی از پشت سازمان‌دهی شده‌اند
* ۵ کارتِ یادآور
* قوانین بازی
   
## خلاصهٔ بازی

بازیکنان به نوبت تلاش می‌کنند در خلال یک صحنه‌پردازیِ بداهه، و بر پایهٔ یک سناریوی تصادفی، یک کارتِ استدلالِ مغالطی را به اکثریتِ بازیکنانِ دیگر حدس‌زدنی کنند. بدین‌ترتیب، بازیکنان ضمن سرگرم شدن، یاد می‌گیرند این استدلال‌های مغالطی را تشخیص دهند، رمزگشایی کنند و در نتیجه از هم بگشایند.

Argumentum بر طبقه‌بندیِ این استدلال‌های مغالطی تکیه دارد که بر حسب مرتبه‌ها و خانواده‌ها مرتب شده‌اند و در بالای کارت مشخص شده‌اند. برای نمونه، چاپلوسی زیرمجموعهٔ توسل به احساسات است. کارت‌های یادآور این طبقه‌بندی را به‌اختصار خلاصه می‌کنند."
RulesPP_03,"## Installation

Selon le nombre de joueurs et le niveau de difficulté souhaité, vous constituez la pioche des cartes d’arguments fallacieux en ajoutant les niveaux indiqués en bas à droite des cartes, par ordre croissant. Il en faut au minimum 7 x le nombre de joueurs.

Vous choisissez la durée de la partie. Celle-ci comprend une succession de manches d’environ 7 minutes. À l’issue du temps imparti, vous terminez la manche en cours : le joueur qui a le plus de points remporte la partie. Mélangez les cartes d’arguments fallacieux, ainsi que les cartes scénario.

Constituez 2 pioches de cartes scénario et placez-les au milieu de la table. Distribuez à chaque joueur 5 cartes d’arguments fallacieux, qu’il garde pour lui. Le reste des cartes constitue la réserve.

Chaque joueur se munit d’un petit objet unique (pièce de monnaie, haricot…) pour le vote. Le premier piocheur est le joueur qui se souvient en premier d’un argument trompeur.","## Setup

Depending on the number of players and the desired difficulty level, build the fallacy-card draw pile by adding the levels shown at the bottom right of the cards, in ascending order. At least 7 x the number of players are needed.

Choose the length of the game. It consists of a succession of rounds lasting about 7 minutes. When the allotted time is up, finish the current round: the player with the most points wins the game. Shuffle the fallacy cards, as well as the scenario cards.

Make 2 draw piles of scenario cards and place them in the middle of the table. Deal each player 5 fallacy cards, which they keep to themselves. The remaining cards form the reserve.

Each player takes a small unique object (coin, bean, etc.) for voting. The first reader is the player who first remembers a deceptive argument.","


## Начало игры

В зависимости от количества игроков и желаемого уровня сложности составьте колоду карт софизмов, добавляя уровни, указанные в правом нижнем углу карт, в порядке возрастания. В колоде должно быть не менее 7 карт на каждого игрока. 

Далее устанавливаем продолжительность игры. Игра состоит из последовательности раундов продолжительностью около 7 минут. По истечении установленной продолжительности игры завершите текущий раунд: игрок, набравший больше всего очков, побеждает. 


Карты с софизмами перетасовываем, также и карты сценариев.


Мы делаем 2 стопки карт со сценариями, размещая их в середине стола. Каждый игрок получает 5 карт с софизмами, которые он держит при себе. Остальная часть карт составляет запас.

У каждого игрока есть свой уникальный небольшой предмет (монета, фасолина и т. п.) для голосования. Первым Берущим карту становится игрок, который первым вспомнит какой-либо обманчивый аргумент.
","## Preparação

De acordo com o número de jogadores e o nível de dificuldade desejado, formem o monte de cartas de argumentos falaciosos, acrescentando os níveis indicados no canto inferior direito das cartas, em ordem crescente. São necessárias, no mínimo, 7 x o número de jogadores.

Escolham a duração da partida. Esta é composta por uma sucessão de rodadas de cerca de 7 minutos. No fim do tempo previsto, terminem a rodada em curso: o jogador com mais pontos vence a partida. Embaralhem as cartas de argumentos falaciosos, bem como as cartas de cenário.

Formem 2 pilhas de compra de cartas de cenário e coloquem-nas no centro da mesa. Distribuam a cada jogador 5 cartas de argumentos falaciosos, que ele mantém em segredo. As cartas restantes constituem a reserva.

Cada jogador pega um pequeno objeto diferente dos demais (moeda, feijão…) para a votação. O primeiro leitor é o jogador que primeiro se lembrar de um argumento enganador.",1,"## الإعداد

بحسب عدد اللاعبين ومستوى الصعوبة المرغوب فيه، تُشكَّل رزمة سحب بطاقات الحجج المغلوطة بإضافة المستويات المشار إليها في أسفل يمين البطاقات تصاعديًا. ويلزم لذلك حدًّا أدنى قدره 7 × عدد اللاعبين.

يُختار زمن اللعب. ويتألف هذا الزمن من تعاقب جولات مدتها نحو 7 دقائق. وعند انتهاء الوقت المخصص، تُستكمل الجولة الجارية، ويحرز اللاعب الذي جمع أكبر عدد من النقاط الفوزَ في اللعبة. وتُخلط بطاقات الحجج المغلوطة، وكذلك بطاقات السيناريو.

تُشكَّل رُزمتان من بطاقات السيناريو وتوضعان في وسط الطاولة. ويُوزَّع على كل لاعب 5 بطاقات من بطاقات الحجج المغلوطة يحتفظ بها لنفسه. أما بقية البطاقات فتشكّل المخزون.

يأخذ كل لاعب معه شيئًا صغيرًا مميزًا وفريدًا (عملة معدنية، حبة فاصوليا...) للتصويت. والساحب الأول هو اللاعب الذي يتذكر أولًا حجةً خادعة.","## Preparación

Según el número de jugadores y el nivel de dificultad deseado, se forma el mazo de cartas de argumentos falaces añadiendo los niveles indicados en la parte inferior derecha de las cartas por orden creciente. Se necesitan al menos 7 x el número de jugadores.

Se decide la duración de la partida. Esta consta de una sucesión de rondas de unos 7 minutos. Al término del tiempo asignado, se termina la ronda en curso y el jugador con más puntos gana la partida. Se barajan las cartas de argumentos falaces, así como las cartas de escenario.

Se forman 2 mazos de cartas de escenario colocados en el centro de la mesa. Se reparten a cada jugador 5 cartas de argumentos falaces que conserva para sí. El resto de las cartas constituye la reserva.

Cada jugador se equipa con un pequeño objeto único (moneda, alubia...) para la votación. El primer lector es quien recuerde primero un argumento engañoso.","## 设置

根据玩家人数和所需难度，通过按递增顺序加入卡牌右下角标示的等级，来组成谬误论证牌的抽牌堆。所需数量至少为玩家人数的 7 倍。

先决定对局时长。整局由一连串约 7 分钟的回合组成。规定时间结束后，先完成正在进行的这一回合，得分最高的玩家获胜。谬误论证牌和情景牌都要洗匀。

组成 2 个情景牌抽牌堆，并放在桌子中央。每位玩家发 5 张谬误论证牌，自己保留。其余牌作为备用牌堆。

每位玩家准备一个独一无二的小物件（硬币、豆子等）用于投票。首位抽牌者是第一个回想起某个误导性论证的人。","## آماده‌سازی

بسته به تعداد بازیکنان و سطح دشواریِ موردنظر، دستهٔ کارت‌های استدلالِ مغالطه‌آمیز را با افزودنِ سطح‌هایی که در پایینِ سمت راستِ کارت‌ها مشخص شده‌اند، به ترتیبِ صعودی تشکیل می‌دهیم. حداقل به ۷ برابرِ تعدادِ بازیکنان کارت نیاز است.

مدتِ بازی را انتخاب می‌کنیم. بازی شامل رشته‌ای از دورهای حدوداً ۷ دقیقه‌ای است. با پایانِ زمانِ تعیین‌شده، دورِ در جریان را به پایان می‌رسانیم و بازیکنی که بیشترین امتیاز را دارد برندهٔ بازی می‌شود. کارت‌های استدلالِ مغالطه‌آمیز و همچنین کارت‌های سناریو را بُر می‌زنیم.

۲ دستهٔ کارتِ سناریو تشکیل می‌دهیم و آن‌ها را در وسطِ میز قرار می‌دهیم. به هر بازیکن ۵ کارتِ استدلالِ مغالطه‌آمیز می‌دهیم که نزدِ خود نگه می‌دارد. بقیهٔ کارت‌ها ذخیره را تشکیل می‌دهند.

هر بازیکن یک شیء کوچک و منحصربه‌فرد برای رأی‌گیری همراه دارد (سکه، لوبیا، …). نخستین کارت‌کش کسی است که زودتر از همه یک استدلالِ فریبنده را به یاد بیاورد."
RulesPP_04,"## Déroulé de la manche

### 1. Le piocheur

Le piocheur tire une carte scénario parmi les deux pioches disponibles et la lit à voix haute, à l’exception de la dernière phrase en italique au bas de la carte.

### 2. Le baratineur

Le baratineur est chargé de conduire l’argumentation du scénario pour illustrer l’une de ses cartes d’argument fallacieux. Son objectif est de faire deviner cette carte à une majorité des autres joueurs.

Le rôle de baratineur est attribué au premier joueur qui pose, face cachée, la carte d’argument fallacieux qu’il compte jouer. À défaut, le joueur à la gauche du piocheur est désigné baratineur et pose sa carte.

### 3. La saynète

Le piocheur amorce le débat comme il le souhaite. Il peut reprendre la suggestion de première réplique en italique au bas de la carte scénario. Le baratineur et le piocheur disposent alors d’une minute maximum pour improviser une discussion durant laquelle le baratineur tâche d’utiliser le type d’argument indiqué par la carte qu’il a choisie.

Le baratineur expose ses arguments et le piocheur lui donne la réplique sans chercher à dominer la scène. Le baratineur peut écourter la saynète quand il le souhaite.","## Round sequence

### 1. The Reader

The Reader takes a scenario card from one of the two available piles and reads it aloud, except for the last sentence in italics at the bottom of the card.

### 2. The smooth talker

The smooth talker is responsible for steering the scenario's argumentation in order to illustrate one of their fallacy cards. Their goal is to get a majority of the other players to guess this card.

The role of smooth talker is assigned to the first player who places, face down, the fallacy card they intend to play. Otherwise, the player to the reader's left is designated smooth talker and places their card.

### 3. The skit

The Reader opens the debate however they wish. They may use the suggested opening line in italics at the bottom of the scenario card. The smooth talker and the reader then have up to one minute to improvise a discussion during which the smooth talker tries to use the type of argument indicated by the card they chose.

The smooth talker presents their arguments and the reader responds without trying to dominate the scene. The smooth talker may shorten the skit whenever they wish.","## Ход раунда
### 1. Берущий карту

Берущий карту вытягивает карту сценария из одной из двух доступных колод и читает её вслух, за исключением последней фразы, выделенной курсивом внизу карты.

### 2. Софист

Задача софиста – вести аргументацию по сценарию, иллюстрируя софистический приём, указанный на одной из своих карт. Его цель – сделать так, чтобы большинство других игроков угадало эту карту.

Роль софиста отводится тому, кто первым положит карту с софизмом, который хочет использовать, текстом вниз. В противном случае софистом становится игрок слева от берущего карту, и он кладёт свою карту.

### 3. Сценка

Берущий карту начинает дебаты, как желает. Он может воспользоваться предложенной первой репликой, выделенной курсивом в нижней части карты сценария. Затем у софиста и берущего карту есть максимум минута для импровизации дискуссии, в ходе которой софист попытается использовать тип аргумента, указанный выбранной им картой.


Софист демонстрирует свои аргументы, и берущий карту отвечает ему, не стремясь доминировать на сцене. Софист может остановить сценку, когда пожелает.","## Andamento da rodada

### 1. O leitor

O leitor tira uma carta de cenário de um dos dois montes disponíveis e a lê em voz alta, com exceção da última frase em itálico no rodapé da carta.

### 2. O embromador

O embromador é responsável por conduzir a argumentação do cenário para ilustrar uma das suas cartas de argumento falacioso. O seu objetivo é fazer com que a maioria dos restantes jogadores adivinhe essa carta.

O papel de embromador é atribuído ao primeiro jogador que coloca, virada para baixo, a carta de argumento falacioso que pretende jogar. Se ninguém o fizer, o jogador à esquerda do leitor é designado embromador e coloca a sua carta.

### 3. A esquete

O leitor inicia o debate como quiser. Pode usar a sugestão de primeira fala em itálico no rodapé da carta de cenário. O embromador e o leitor dispõem então de um minuto, no máximo, para improvisar uma discussão durante a qual o embromador tenta usar o tipo de argumento indicado pela carta que escolheu.

O embromador expõe os seus argumentos e o leitor responde a ele sem tentar dominar a cena. O embromador pode encurtar a esquete quando quiser.",,"## سير الجولة

### 1.       الساحب

يسحب الساحب بطاقة سيناريو من بين مجموعتي السحب المتاحتين ويقرأها بصوت عالٍ، باستثناء الجملة الأخيرة المكتوبة بالخط المائل في أسفل البطاقة.

### 2.       المغالِط

يتولى المغالِط قيادة المحاججة حول السيناريو، لتجسيد إحدى بطاقات الحُجج المغلوطة لديه. وهدفه أن يجعل أغلبية اللاعبين الآخرين تخمّن هذه البطاقة.

يُسنَد دور المغالِط إلى أول لاعب يضع، مقلوبًا ومخفيًا، بطاقة الحجة المغلوطة التي يعتزم لعبها. وإلا، فإن اللاعب الذي يجلس إلى يسار الساحب يُعيَّن مغالِطًا ويضع بطاقته.

### 3.       المشهد التمثيلي

يفتتح الساحب النقاش بالطريقة التي يشاء. ويمكنه أن يستند إلى العبارة الافتتاحية المقترحة المكتوبة بالخط المائل في أسفل بطاقة السيناريو. ثم يُتاح للمغالِط والساحب حدٌّ أقصى قدره دقيقة واحدة لارتجال حوار، يسعى خلاله المغالِط إلى استخدام نوع الحجة المشار إليه في البطاقة التي اختارها. 

المغالِط يَعرِض حججه، ويردّ عليه الساحب من دون أن يسعى إلى السيطرة على المشهد. ويجوز للمغالِط أن يختصر المشهد متى شاء.","## Desarrollo de la ronda

### 1.       El lector

El lector toma una carta de escenario de entre los dos mazos disponibles y la lee en voz alta, salvo la última frase en cursiva al final de la carta.

### 2.       El embaucador

El embaucador será el encargado de conducir la argumentación del escenario, para ilustrar una de sus cartas de argumento falaz. Su objetivo será hacer adivinar esa carta a la mayoría de los demás jugadores.

El papel de embaucador se asigna al primer jugador que coloca, boca abajo, la carta de argumento falaz que piensa jugar. En su defecto, el jugador a la izquierda de el lector es designado embaucador y coloca su carta.

### 3.       La escena

El lector inicia el debate como quiera. Puede retomar la sugerencia de primera réplica en cursiva al final de la carta de escenario. El embaucador y el lector disponen entonces de un máximo de un minuto para improvisar una conversación durante la cual el embaucador tratará de utilizar el tipo de argumento indicado por la carta que ha elegido. 

El embaucador expone sus argumentos y el lector le responde sin intentar monopolizar la escena. El embaucador puede optar por acortar la escena cuando quiera.","## 本轮流程

### 1.       抽牌者

抽牌者从两个可用牌堆中抽取一张情景牌，并大声朗读，除了牌面底部斜体字的最后一句。

### 2.       诡辩者

诡辩者负责推动该情景中的论辩，用来演绎自己的一张谬误论证牌。其目标是让多数其他玩家猜出这张牌。

诡辩者这一角色由第一个将自己打算使用的谬误论证牌面朝下放出的玩家担任。若无人这样做，则由抽牌者左侧的玩家被指定为诡辩者，并放出自己的牌。

### 3.       即兴短剧

抽牌者按自己想要的方式引出辩论。也可以采用情景牌底部斜体字中的第一句台词建议。随后，诡辩者和抽牌者最多有一分钟时间即兴对话，在此期间诡辩者要尽量使用其所选牌面所示的论证类型。 

诡辩者陈述自己的论点，抽牌者则与之接话，但不刻意争夺舞台主导权。诡辩者可以在任何时候选择提前结束短剧。","## روند دور

### 1.       کارت‌کش

کارت‌کش یک کارت سناریو را از میان دو دسته‌ی موجود برمی‌دارد و آن را با صدای بلند می‌خواند، به‌استثنای جمله‌ی پایانیِ مورب در پایین کارت.

### 2.       چرب‌زبان

چرب‌زبان مسئول پیش بردن استدلالِ سناریو خواهد بود تا یکی از کارت‌های استدلالِ مغالطه‌آمیز خود را به نمایش بگذارد. هدف او این است که اکثریتِ بازیکنان دیگر این کارت را حدس بزنند.

نقشِ چرب‌زبان به نخستین بازیکنی داده می‌شود که کارتِ استدلالِ مغالطه‌آمیزی را که قصد بازی کردنش را دارد، به‌صورتِ رو به پایین می‌گذارد. در غیر این صورت، بازیکنِ سمت چپِ کارت‌کش به‌عنوان چرب‌زبان تعیین می‌شود و کارت خود را می‌گذارد.

### 3.       نمایش کوتاه

کارت‌کش بحث را هرطور که بخواهد آغاز می‌کند. او می‌تواند پیشنهادِ نخستین دیالوگ را که به‌صورت مورب در پایینِ کارت سناریو آمده است، به کار بگیرد. سپس چرب‌زبان و کارت‌کش حداکثر یک دقیقه فرصت دارند تا گفت‌وگویی بداهه اجرا کنند؛ در این مدت، چرب‌زبان تلاش می‌کند از نوع استدلالی که کارتِ انتخابی‌اش مشخص کرده استفاده کند. 

چرب‌زبان استدلال‌هایش را مطرح می‌کند و کارت‌کش بدون آن‌که بخواهد صحنه را در اختیار بگیرد به او پاسخ می‌دهد. چرب‌زبان می‌تواند هر زمان که بخواهد نمایش کوتاه را زودتر تمام کند."
RulesPP_05,"### 4. Le jury

Tous les joueurs, sauf le baratineur, constituent le jury, piocheur compris. À la fin de la saynète, chaque juré choisit, parmi ses propres cartes, celle qui se rapproche le plus de l’argumentation entendue et la pose face cachée avec celle du baratineur. À 3 ou 4 joueurs, les jurés choisissent 2 cartes.

Le baratineur ramasse les cartes, les mélange et les révèle au milieu de la table. Les jurés prennent connaissance des cartes révélées ; un juré peut les lire à haute voix. Chaque juré lève le doigt pour signaler qu’il est prêt à voter.

Quand le jury est prêt, sans concertation, chacun de ses membres désigne simultanément la carte qu’il pense avoir été jouée par le baratineur, en y posant son petit objet unique (ou, à défaut, son doigt).

### 5. Le décompte

Le vainqueur de la manche est celui dont la carte a obtenu le plus grand nombre de votes, qu’il s’agisse du baratineur ou d’un membre du jury (🥇👇👇…➜🏆).
Il garde alors sa carte, qui vaut 1 point, et la pose face visible devant lui.

En cas d’égalité (🥈👇👇≟🥈👇👇), le baratineur l’emporte (✅🎭➜🎭🏆). À défaut (❌🎭), les jurés plébiscités qui ont trouvé la carte du baratineur sont tous déclarés vainqueurs (✅👇🎭➜👇🏆). Si aucun des jurés concernés ne l’a trouvée, le baratineur l’emporte (❌👇🎭➜🎭🏆).","### 4. The jury

All players except the smooth talker make up the jury, including the reader. At the end of the skit, each juror chooses, from among their own cards, the one that comes closest to the argumentation they heard and places it face down with the smooth talker's card. With 3 or 4 players, jurors choose 2 cards.

The smooth talker collects the cards, shuffles them and reveals them in the middle of the table. The jurors examine the revealed cards; one juror may read them aloud. Each juror raises a finger to signal that they are ready to vote.

When the jury is ready, without discussion, each member simultaneously indicates the card they think was played by the smooth talker by placing their small unique object on it (or, failing that, their finger).

### 5. The count

The winner of the round is the player whose card received the greatest number of votes, whether the smooth talker or a member of the jury (🥇👇👇…➜🏆).
They then keep their card, which is worth 1 point, and place it face up in front of them.

In the event of a tie (🥈👇👇≟🥈👇👇), the smooth talker wins (✅🎭➜🎭🏆). Otherwise (❌🎭), all tied jurors who received the most votes and identified the smooth talker's card are declared winners (✅👇🎭➜👇🏆). If none of the jurors concerned identified it, the smooth talker wins (❌👇🎭➜🎭🏆).","### 4. Жюри

Все игроки, за исключением софиста, но включая берущего карту, составляют жюри. В конце сценки каждый член жюри выбирает среди своих карт ту, что ближе всего к услышанной аргументации, и кладёт её текстом вниз рядом с картой софиста. Если играет 3–4 человека, члены жюри выбирают по 2 карты.

Софист берет карты, смешивает их и раскрывает на середине стола. Члены жюри знакомятся с раскрытыми картами; один из них может прочитать их вслух. Каждый член жюри поднимает палец, показывая, что готов проголосовать.

Когда жюри готово, без обсуждения каждый его член одновременно указывает карту, которая, по его мнению, была сыграна софистом, положив на неё свой небольшой уникальный предмет (или, при его отсутствии, палец). 

### 5. Подсчет очков

Победителем этого круга является тот, чья карта получила наибольшее количество голосов, это может быть софист или кто-то из игроков (🥇👇👇…➜🏆).
Победивший оставляет карту себе и кладет ее перед собой лицом вверх. Он получил 1 очко. 


В случае равного количества голосов (🥈👇👇≟🥈👇👇) побеждает софист (✅🎭➜🎭🏆), если софист не входит в число разделивших первое место (❌🎭), победителями объявляются все члены жюри, чьи карты разделили первое место и которые угадали карту софиста (✅👇🎭➜👇🏆). Если ни один из этих членов жюри её не угадал, побеждает софист (❌👇🎭➜🎭🏆). ","### 4. O júri

Todos os jogadores, exceto o embromador, constituem o júri, incluindo o leitor. No fim do esquete, cada jurado escolhe, entre suas próprias cartas, aquela que mais se aproxima da argumentação ouvida e a coloca virada para baixo juntamente com a do embromador. Com 3 ou 4 jogadores, os jurados escolhem 2 cartas.

O embromador recolhe as cartas, embaralha todas e as revela no meio da mesa. Os jurados tomam conhecimento das cartas reveladas; um jurado pode lê-las em voz alta. Cada jurado levanta o dedo para indicar que está pronto para votar.

Quando o júri estiver pronto, sem se consultarem, todos os seus membros indicam simultaneamente a carta que pensam ter sido jogada pelo embromador, colocando sobre ela o seu pequeno objeto único (ou, na falta dele, o dedo).

### 5. A contagem

O vencedor da rodada é aquele cuja carta obteve o maior número de votos, quer se trate do embromador quer de um membro do júri (🥇👇👇…➜🏆).
Fica então com a sua carta, que vale 1 ponto, e a coloca virada para cima à sua frente.

Em caso de empate (🥈👇👇≟🥈👇👇), ganha o embromador (✅🎭➜🎭🏆). Se o embromador não estiver entre os empatados (❌🎭), os jurados mais votados que tenham encontrado a carta do embromador são todos declarados vencedores (✅👇🎭➜👇🏆). Se nenhum dos jurados envolvidos a tiver encontrado, ganha o embromador (❌👇🎭➜🎭🏆).",,"### 4.       هيئة المحلّفين

جميع اللاعبين باستثناء المغالِط، بما في ذلك الساحب، يشكّلون هيئة المحلّفين. في نهاية المشهد، يختار كل محلف من بين بطاقاته الخاصة البطاقة التي تقترب أكثر ما يكون من المحاججة التي سمعها، ويضعها مقلوبةً مع بطاقة المغالِط. وعند 3 أو 4 لاعبين، يختار المحلفون بطاقتين.

يجمع المغالِط البطاقات، ويخلطها ثم يكشفها في وسط الطاولة. يطّلع المحلفون على البطاقات المكشوفة، ويمكن لأحد المحلفين أن يتلوها بصوت عالٍ. ويرفع كل واحد من المحلفين إصبعه للدلالة على أنه مستعد للتصويت.

عندما تكون هيئة المحلّفين مستعدة، ومن دون تشاور، يعيّن كل عضو فيها في الوقت نفسه البطاقة التي يظن أنها كانت هي البطاقة التي لعبها المغالِط، وذلك بوضع غرضه الصغير المميز عليها (أو، عند عدم توافره، بوضع إصبعه عليها).

### 5.       احتساب النقاط

الفائز بالجولة هو صاحب البطاقة التي نالت أكبر عدد من الأصوات، سواء كان المغالِط أو أحد أعضاء هيئة المحلّفين (🥇👇👇…➜🏆). 
وعندئذٍ يحتفظ ببطاقته التي تساوي نقطة واحدة، ويضعها أمامه مكشوفة.

في حال التعادل (🥈👇👇≟🥈👇👇)، يفوز المغالِط (✅🎭➜🎭🏆)، وإذا لم يكن المغالِط من بين المتعادلين (❌🎭)، فإن المحلفين الحاصلين على أكبر عدد من الأصوات الذين أصابوا واختاروا بطاقة المغالِط يُعلَنون جميعًا فائزين (✅👇🎭➜👇🏆). وإذا لم يعثر أيٌّ من المحلفين المعنيين عليها، يفوز المغالِط (❌👇🎭➜🎭🏆).","### 4.       El jurado

Todos los jugadores, salvo el embaucador, pero incluido el lector, constituyen el jurado. Al final de la escena, cada jurado elige entre sus propias cartas aquella que mejor se acerca a la argumentación escuchada y la coloca boca abajo junto con la del embaucador. A 3 o 4 jugadores, los jurados eligen 2 cartas.

El embaucador recoge las cartas, las mezcla y las revela en el centro de la mesa. Los jurados toman conocimiento de las cartas reveladas; un jurado puede leerlas en voz alta. Cada uno de los jurados levanta el dedo para indicar cuándo está listo para votar.

Cuando el jurado esté listo, sin ponerse de acuerdo, cada uno de sus miembros señala simultáneamente la carta que cree que ha sido jugada por el embaucador, colocando sobre ella su pequeño objeto único (o, en su defecto, poniendo el dedo).

### 5.       El recuento

El vencedor de la ronda es aquel cuya carta haya obtenido el mayor número de votos, embaucador o miembro del jurado (🥇👇👇…➜🏆). 
Entonces se queda con su carta, que vale 1 punto, y la coloca boca arriba delante de él.

En caso de empate (🥈👇👇≟🥈👇👇), gana el embaucador (✅🎭➜🎭🏆), y en su defecto (❌🎭), los jurados más votados que hayan encontrado la carta del embaucador son declarados vencedores todos ellos (✅👇🎭➜👇🏆). Si ninguno de los jurados implicados la ha encontrado, es el embaucador quien gana (❌👇🎭➜🎭🏆).","### 4.       评审团

除诡辩者外的所有玩家（包括抽牌者）都构成评审团。短剧结束时，每位评审从自己的手牌中选出一张最接近刚才听到的论证的牌，并与诡辩者的牌一起面朝下放出。若为 3 人或 4 人游戏，评审需选择 2 张牌。

诡辩者收起这些牌，洗混后将它们翻开，放在桌子中央。评审们先查看这些公开的牌，也可以由其中一位评审大声读出。每位评审在准备好投票时举手示意。

当评审团准备就绪后，无需商量，每位成员同时指出自己认为是诡辩者打出的那张牌，并把自己的小独特物件放在该牌上（或者在无法使用物件时，用手指指向它）。

### 5.       计分

本轮获胜者是其牌获得最多票数的人，无论是诡辩者还是评审团成员（🥇👇👇…➜🏆）。
然后他保留这张牌，计 1 分，并将其正面朝上放在自己面前。

若出现平票（🥈👇👇≟🥈👇👇），则诡辩者获胜（✅🎭➜🎭🏆）；若非如此（❌🎭），所有猜中诡辩者牌面的中选评审都被宣布为获胜者（✅👇🎭➜👇🏆）。如果相关评审中没有人猜中，则由诡辩者获胜（❌👇🎭➜🎭🏆）。","### 4.       هیئت داوران

همه‌ی بازیکنان به‌جز چرب‌زبان، اما از جمله کارت‌کش، هیئت داوران را تشکیل می‌دهند. در پایانِ نمایش کوتاه، هر داور از میان کارت‌های خودش کارتی را برمی‌گزیند که بیشترین نزدیکی را به استدلال شنیده‌شده دارد و آن را همراه با کارتِ چرب‌زبان به‌صورت رو به پایین می‌گذارد. در بازیِ 3 یا 4 نفره، داوران 2 کارت برمی‌گزینند.

چرب‌زبان کارت‌ها را جمع می‌کند، آن‌ها را مخلوط می‌کند و در وسط میز رو می‌کند. داوران کارت‌های رو شده را بررسی می‌کنند؛ یک داور می‌تواند آن‌ها را با صدای بلند بخواند. هر یک از داوران برای اعلام آمادگیِ خود برای رأی‌دادن، انگشتش را بالا می‌برد.

وقتی هیئت داوران آماده شد، بدون هیچ مشورتی، هر یک از اعضا هم‌زمان کارتی را که فکر می‌کند توسط چرب‌زبان بازی شده است با گذاشتنِ شیء کوچکِ منحصربه‌فردِ خود روی آن مشخص می‌کند (یا در صورت نبودِ آن، با گذاشتنِ انگشت).

### 5.       شمارش امتیاز

برنده‌ی دور کسی است که کارتش بیشترین تعداد رأی را به‌دست آورده باشد، چه چرب‌زبان باشد چه یکی از اعضای هیئت داوران (🥇👇👇…➜🏆). 
سپس کارت خود را که 1 امتیاز دارد نگه می‌دارد و آن را به‌صورت رو به بالا جلوی خود می‌گذارد.

در صورت تساوی (🥈👇👇≟🥈👇👇)، چرب‌زبان برنده می‌شود (✅🎭➜🎭🏆)، و اگر چرب‌زبان در میان افرادِ مساوی نباشد (❌🎭)، داورانِ پررأی که کارتِ چرب‌زبان را درست تشخیص داده‌اند همگی برنده اعلام می‌شوند (✅👇🎭➜👇🏆). اگر هیچ‌یک از داورانِ مربوطه آن را درست تشخیص نداده باشند، چرب‌زبان برنده می‌شود (❌👇🎭➜🎭🏆)."
RulesPP_06,"### 6. Les pioches

Une fois le vainqueur désigné, les joueurs piochent dans la réserve un certain nombre de cartes :

* Le vainqueur de la manche ne pioche pas de nouvelle carte. (✅🏆➜❌0🎴)
* Tous les autres joueurs piochent une carte (❌🏆➜✅1🎴), ou 2 cartes à 3 ou 4 joueurs.
* Les membres du jury qui ont obtenu des votes piochent une carte de plus. (✅🧲👇➜✅ 1🎴)
* Les jurés qui ont trouvé la carte du baratineur piochent une carte de plus. (✅👇🎭➜✅ 1🎴)
* Les cartes jouées sont remises dans la réserve.
* Le voisin de gauche du vainqueur devient le piocheur de la manche suivante.

## Variantes :

* Si la carte du baratineur est désignée par l’ensemble du jury, il ne remporte pas la manche ; chacun pioche une carte dans la réserve, à l’exception du baratineur.
* Au cours de la saynète, n’importe quel membre du jury peut utiliser une carte de son jeu pour intervenir dans le rôle du piocheur. Si son intervention illustre bien sa carte, il en repioche une et sera désigné comme prochain piocheur ; sinon, il perd sa carte et la partie reprend son cours.
* Le piocheur a le droit de désigner directement le baratineur de la manche.
* Si le piocheur gagne, il gagne également la carte du baratineur.
* Le baratineur peut poser plusieurs cartes. Autant de vainqueurs qu’il y a de cartes ayant obtenu le plus grand nombre de votes sont déclarés ; le baratineur peut ainsi remporter tout ou partie de ses cartes.
* Le vainqueur de la partie doit incarner le baratineur dans un ultime scénario où il doit mettre en jeu toutes les cartes qu’il a gagnées au cours de la partie.","### 6. The draws

Once the winner has been designated, players draw a certain number of cards from the reserve:

* The winner of the round does not draw a new card. (✅🏆➜❌0🎴)
* All other players draw one card (❌🏆➜✅1🎴), or 2 cards with 3 or 4 players.
* Jury members who received votes draw one additional card. (✅🧲👇➜✅ 1🎴)
* Jurors who found the smooth talker's card draw one additional card. (✅👇🎭➜✅ 1🎴)
* Played cards are returned to the reserve.
* The winner's left-hand neighbor becomes the reader for the next round.

## Variants:

* If the smooth talker's card is identified by the entire jury, they do not win the round; everyone draws one card from the reserve, except the smooth talker.
* During the skit, any member of the jury may use a card from their hand to intervene in the role of the reader. If their intervention illustrates their card well, they draw another and will be designated as the next reader; otherwise, they lose their card and the game resumes its course.
* The Reader has the right to designate the round's smooth talker directly.
* If the reader wins, they also win the smooth talker's card.
* The smooth talker may place several cards. As many winners as there are cards with the greatest number of votes are declared; the smooth talker may thus win all or some of their cards.
* The winner of the game must embody the smooth talker in a final scenario in which they must bring into play all the cards they won during the game.","### 6. Добор карт 

После того как победитель определен, игроки берут из запаса определенное количество карт: 

* Победитель раунда не берет новую карту. (✅🏆➜❌0🎴) 
* Все остальные игроки берут из запаса по 1 карте (❌🏆➜✅1🎴) или по 2 карты, если играют втроем или вчетвером.  
* Члены жюри, получившие голоса, берут еще по одной карте (✅🧲👇➜✅+1🎴) 
* Члены жюри, угадавшие карту Софиста, берут еще по одной карте (✅👇🎭➜✅+1🎴) 
* Сыгранные карты возвращаются в запас. 
* Игрок слева от победителя становится берущим карту следующего раунда. 

## Варианты: 

* Если карта Софиста выбрана всеми членами жюри, он не выигрывает раунд; каждый берет по карте из запаса, кроме Софиста. 
* Во время сценки любой член жюри может использовать карту из своей руки, чтобы вмешаться в роли Берущего карту. Если его вмешательство хорошо иллюстрирует эту карту, он добирает одну карту и становится следующим Берущим карту; в противном случае он теряет свою карту, и игра продолжается. 
* Берущий карту имеет право напрямую назначить Софиста текущего раунда. 
* Если Берущий карту выиграет, он забирает также и карту Софиста.
* Софист может выложить несколько карт. Объявляется столько победителей, сколько карт набрали наибольшее число голосов; таким образом, Софист может выиграть все свои карты или только часть из них. 
* Победитель партии должен сыграть Софиста в последнем сценарии и разыграть в нем все карты, выигранные им в ходе партии. 


","### 6. As compras de cartas

Uma vez declarado o vencedor, os jogadores compram da reserva um certo número de cartas:

* O vencedor da rodada não compra nenhuma carta nova. (✅🏆➜❌0🎴)
* Todos os outros jogadores compram uma carta (❌🏆➜✅1🎴), ou 2 cartas em partidas com 3 ou 4 jogadores.
* Os membros do júri que tenham recebido votos compram mais uma carta. (✅🧲👇➜✅ 1🎴)
* Os jurados que tenham identificado a carta do embromador compram mais uma carta. (✅👇🎭➜✅ 1🎴)
* As cartas jogadas são devolvidas à reserva.
* O vizinho à esquerda do vencedor se torna o leitor da rodada seguinte.

## Variantes:

* Se a carta do embromador for indicada por todo o júri, ele não vence a rodada; cada jogador compra uma carta da reserva, à exceção do embromador.
* Durante a esquete, qualquer membro do júri pode usar uma carta da sua mão para intervir no papel do leitor. Se a sua intervenção ilustrar bem a sua carta, compra outra carta e será designado como próximo leitor; caso contrário, perde a sua carta e a partida prossegue normalmente.
* O leitor tem o direito de designar diretamente o embromador da rodada.
* Se o leitor ganhar, ganha também a carta do embromador.
* O embromador pode jogar várias cartas. São declarados tantos vencedores quantas as cartas que tenham obtido o maior número de votos; o embromador pode assim ganhar todas ou parte das suas cartas.
* O vencedor da partida deve assumir o papel de embromador num cenário final em que tem de pôr em jogo todas as cartas que ganhou ao longo da partida.",,"### 6.       السحوبات

بعد تحديد الفائز، يسحب اللاعبون من الرصيد عددًا معينًا من البطاقات:

* الفائز بالجولة لا يسحب بطاقة جديدة. (✅🏆➜❌0🎴)
* جميع اللاعبين الآخرين يسحبون بطاقة واحدة (❌🏆➜✅1🎴)، أو بطاقتين عند 3 أو 4 لاعبين
* أعضاء هيئة المحلّفين الذين حصلوا على أصوات يسحبون بطاقة إضافية (✅🧲👇➜✅ 1🎴)
* المحلفون الذين وجدوا بطاقة المغالِط يسحبون بطاقة إضافية (✅👇🎭➜✅ 1🎴)
* تُعاد البطاقات التي استُخدمت إلى الرصيد.
* يصبح الجار الأيسر للفائز هو الساحب في الجولة التالية.

## بدائل:

*إذا حدّدت هيئة المحلّفين بأكملها بطاقة المغالِط، فإنه لا يفوز بالجولة، ويسحب كل لاعب بطاقة من الرصيد باستثناء المغالِط.
* خلال المشهد، يمكن لأي عضو من هيئة المحلّفين أن يستخدم بطاقة من يده للتدخل في دور الساحب. فإذا جسّد تدخّله بطاقته على نحو جيّد، يسحب بطاقة أخرى ويُعيَّن الساحب التالي، وإلا خسر بطاقته واستمرّت اللعبة من حيث توقفت.
* يحقّ للساحب أن يعيّن مباشرةً المغالِط الخاص بالجولة.
* إذا فاز الساحب، فإنه يفوز أيضًا ببطاقة المغالِط.
* يجوز للمغالِط أن يضع عدة بطاقات. ويُعلَن فائزون بعدد البطاقات التي حصلت على أكبر عدد من الأصوات، وقد يفوز المغالِط بكل بطاقاته أو ببعضها.
* يجب على الفائز باللعبة أن يتقمّص دور المغالِط في سيناريو أخير، حيث يتعيّن عليه أن يضع في اللعب جميع البطاقات التي ربحها خلال اللعبة.","### 6.       El robo de cartas

Una vez designado el vencedor, los jugadores roban de la reserva un cierto número de cartas:

* El vencedor de la ronda no roba ninguna carta nueva. (✅🏆➜❌0🎴)
* Todos los demás jugadores roban una carta (❌🏆➜✅1🎴), o 2 cartas con 3 o 4 jugadores
* Los miembros del jurado que hayan obtenido votos roban una carta más (✅🧲👇➜✅ 1🎴)
* Los jurados que hayan encontrado la carta del embaucador roban una carta más (✅👇🎭➜✅ 1🎴)
* Las cartas jugadas se devuelven a la reserva.
* El vecino de la izquierda del vencedor se convierte en el lector de la siguiente ronda.

## Variantes :

*Si la carta del embaucador es señalada por todo el jurado, no gana la ronda, cada uno roba una carta de la reserva salvo el embaucador.
* Durante la escena, cualquier miembro del jurado puede usar una carta de su mano para intervenir en el papel del lector. Si su intervención ilustra bien su carta, roba otra y será designado el siguiente lector; si no, pierde su carta y la partida reanuda su curso.
* El lector tiene derecho a designar directamente al embaucador de la ronda.
* Si gana el lector, también se lleva la carta del embaucador.
* El embaucador puede jugar varias cartas. Se declaran tantos vencedores como cartas hayan obtenido el mayor número de votos; el embaucador puede llevarse todas o parte de sus cartas.
* El vencedor de la partida deberá encarnar al embaucador de un último escenario en el que tendrá que poner en juego todas las cartas que haya ganado durante la partida.","### 6.       补牌

一旦获胜者确定，玩家便从牌库中抽取若干张牌:

* 本轮获胜者不抽新牌。 (✅🏆➜❌0🎴)
* 其他所有玩家抽 1 张牌（❌🏆➜✅1🎴），或在 3 人或 4 人游戏中抽 2 张牌
* 获得投票的评审团成员额外抽 1 张牌（✅🧲👇➜✅ 1🎴)
* 找出诡辩者所出牌的评审额外抽 1 张牌（✅👇🎭➜✅ 1🎴)
* 已打出的牌放回牌库。
* 获胜者左侧的邻座成为下一轮的抽牌者。

## 变体：

*如果全体评审都指认出诡辩者的牌，则他不能赢得本轮，除诡辩者外每位玩家都从牌库抽 1 张牌。
* 在短剧进行过程中，评审团中的任何成员都可以打出自己手牌中的一张牌，以抽牌者的身份插话。如果他的插话确实很好地体现了该牌内容，他就再抽 1 张牌，并成为下一位抽牌者；否则，他失去这张牌，游戏继续进行。
* 抽牌者有权直接指定本轮的诡辩者。
* 如果抽牌者获胜，他也会赢得诡辩者的牌。
* 诡辩者可以打出多张牌。获得最高票数的牌有几张，就宣布几名获胜者，诡辩者可以赢走自己全部或部分牌。
* 本局最终胜者必须扮演终极情景中的诡辩者，在该情景中他必须打出自己整局游戏中赢得的所有牌。","### 6.       برداشت کارت‌ها

پس از تعیین برنده، بازیکنان از ذخیره تعداد مشخصی کارت برمی‌دارند:

* برنده‌ی دور کارت جدیدی برنمی‌دارد. (✅🏆➜❌0🎴)
* همه‌ی بازیکنان دیگر یک کارت برمی‌دارند (❌🏆➜✅1🎴)، یا در بازیِ 3 یا 4 نفره 2 کارت
* اعضای هیئت داورانی که رأی گرفته‌اند یک کارتِ اضافه برمی‌دارند (✅🧲👇➜✅ 1🎴)
* داورانی که کارتِ چرب‌زبان را درست تشخیص داده‌اند یک کارتِ اضافه برمی‌دارند (✅👇🎭➜✅ 1🎴)
* کارت‌های بازی‌شده به ذخیره بازگردانده می‌شوند.
* همسایه‌ی سمت چپِ برنده، کارت‌کشِ دور بعدی می‌شود.

## گونه‌ها:

*اگر کارتِ چرب‌زبان به‌وسیله‌ی همه‌ی هیئت داوران تشخیص داده شود، او دور را نمی‌برد و همه به‌جز چرب‌زبان یک کارت از ذخیره برمی‌دارند.
* در طولِ نمایش کوتاه، هر عضو هیئت داوران می‌تواند از یک کارتِ دست خود استفاده کند و در نقشِ کارت‌کش مداخله کند. اگر مداخله‌اش کارتِ خودش را خوب نشان دهد، یک کارت دیگر می‌کشد و به‌عنوان کارت‌کشِ بعدی تعیین می‌شود؛ در غیر این صورت، کارت خود را از دست می‌دهد و بازی از سر گرفته می‌شود.
* کارت‌کش حق دارد مستقیماً چرب‌زبانِ دور را تعیین کند.
* اگر کارت‌کش برنده شود، کارتِ چرب‌زبان را هم می‌برد.
* چرب‌زبان می‌تواند چند کارت بگذارد. به ازای هر کارتی که بیشترین تعداد رأی را به دست آورده باشد، یک برنده اعلام می‌شود و چرب‌زبان می‌تواند همه یا بخشی از کارت‌هایش را ببرد.
* برنده‌ی بازی باید در نقشِ چرب‌زبانِ یک سناریوی نهایی ظاهر شود که در آن باید همه‌ی کارت‌هایی را که طی بازی به‌دست آورده، به میدان بیاورد."
