{
  "Mode": "WebBasedImageGeneration",
  "BatchImageConverterConfig": {
    "SourcePath": "..\\..\\..\\Data\\Source",
    "DestPath": "..\\..\\..\\Data\\Target"
  },
  "WebBasedGeneratorConfig": {
    "ChromeBinaryPath": "E:\\LiberKey\\MyApps\\GoogleChromePortable\\App\\Chrome-bin\\chrome.exe",
    "CardpenUrl": "http://argumentum.myia.org/portals/0/argumentum/Generation/CardPen/index.html",
    "Documents": [
      {
        "DocumentName": "Argumentum-TarotCards.pdf",
        "CardSets": [
          {
            "CardSetName": "Rules",
            "TemplateDocumentName": null,
            "NbCopies": 1,
            "HeigthMM": 110,
            "WidthMM": 65,
            "BorderMM": 3
          },
          {
            "CardSetName": "Memo",
            "TemplateDocumentName": null,
            "NbCopies": 7,
            "HeigthMM": 110,
            "WidthMM": 65,
            "BorderMM": 3
          },
          {
            "CardSetName": "Fallacies",
            "TemplateDocumentName": null,
            "NbCopies": 1,
            "HeigthMM": 110,
            "WidthMM": 65,
            "BorderMM": 3
          }
        ]
      },
      {
        "DocumentName": "Argumentum-PokerCards.pdf",
        "CardSets": [
          {
            "CardSetName": "Scenarii",
            "TemplateDocumentName": null,
            "NbCopies": 1,
            "HeigthMM": 84,
            "WidthMM": 55,
            "BorderMM": 0
          }
        ]
      },
      {
        "DocumentName": "Argumentum-TarotCards-2.pdf",
        "CardSets": [
          {
            "CardSetName": "Rules",
            "TemplateDocumentName": null,
            "NbCopies": 1,
            "HeigthMM": 110,
            "WidthMM": 65,
            "BorderMM": 3
          },
          {
            "CardSetName": "Memo",
            "TemplateDocumentName": null,
            "NbCopies": 7,
            "HeigthMM": 110,
            "WidthMM": 65,
            "BorderMM": 3
          },
          {
            "CardSetName": "Fallacies-2",
            "TemplateDocumentName": null,
            "NbCopies": 1,
            "HeigthMM": 110,
            "WidthMM": 65,
            "BorderMM": 3
          }
        ]
      },
      {
        "DocumentName": "Argumentum-TarotCards-3.pdf",
        "CardSets": [
          {
            "CardSetName": "Rules",
            "TemplateDocumentName": null,
            "NbCopies": 1,
            "HeigthMM": 110,
            "WidthMM": 65,
            "BorderMM": 3
          },
          {
            "CardSetName": "Memo",
            "TemplateDocumentName": null,
            "NbCopies": 7,
            "HeigthMM": 110,
            "WidthMM": 65,
            "BorderMM": 3
          },
          {
            "CardSetName": "Fallacies-3",
            "TemplateDocumentName": null,
            "NbCopies": 1,
            "HeigthMM": 110,
            "WidthMM": 65,
            "BorderMM": 3
          }
        ]
      }
    ],
    "CardSets": [
      {
        "Name": "Rules",
        "FaceExampleName": "Argumentum - Rules - Francais",
        "BackExampleName": null
      },
      {
        "Name": "Memo",
        "FaceExampleName": "Argumentum - Memo - Face - Francais",
        "BackExampleName": "Argumentum - Memo - Back - Francais"
      },
      {
        "Name": "Fallacies",
        "FaceExampleName": "Argumentum - Fallacies - Face - Francais",
        "BackExampleName": "Argumentum - Fallacies - Back - Francais"
      },
      {
        "Name": "Scenarii",
        "FaceExampleName": "Argumentum - Scenarii - Face - Francais",
        "BackExampleName": "Argumentum - Scenarii - Back - Francais"
      },
      {
        "Name": "Fallacies-2",
        "FaceExampleName": "Argumentum - Fallacies - Face - Francais - Bis",
        "BackExampleName": "Argumentum - Fallacies - Back - Francais"
      },
      {
        "Name": "Fallacies-3",
        "FaceExampleName": "Argumentum - Fallacies - Face - v2 - Francais",
        "BackExampleName": "Argumentum - Fallacies - Back - Francais"
      }
    ]
  }
}