{
  "comment": "Do not edit this file, use utils/roll_browser.js",
  "browsers": [
    {
      "name": "chromium",
      "revision": "1060",
      "installByDefault": true,
      "browserVersion": "113.0.5672.53"
    },
    {
      "name": "chromium-with-symbols",
      "revision": "1060",
      "installByDefault": false,
      "browserVersion": "113.0.5672.53"
    },
    {
      "name": "chromium-tip-of-tree",
      "revision": "1106",
      "installByDefault": false,
      "browserVersion": "114.0.5723.0"
    },
    {
      "name": "firefox",
      "revision": "1403",
      "installByDefault": true,
      "browserVersion": "112.0"
    },
    {
      "name": "firefox-beta",
      "revision": "1404",
      "installByDefault": false,
      "browserVersion": "113.0b3"
    },
    {
      "name": "webkit",
      "revision": "1837",
      "installByDefault": true,
      "revisionOverrides": {
        "mac10.14": "1446",
        "mac10.15": "1616",
        "mac11": "1816",
        "mac11-arm64": "1816",
        "ubuntu18.04": "1728"
      },
      "browserVersion": "16.4"
    },
    {
      "name": "ffmpeg",
      "revision": "1008",
      "installByDefault": true
    },
    {
      "name": "android",
      "revision": "1000",
      "installByDefault": false
    }
  ]
}
